{
  "accuracy": 0.7695,
  "precision": 0.483451536643026,
  "recall": 0.6164280331574982,
  "f1": 0.5419012918184829,
  "auc_roc": 0.7781117165083257,
  "threshold": 0.5,
  "classification_report": {
    "0": {
      "precision": 0.8818477251624884,
      "recall": 0.8129681147014766,
      "f1-score": 0.8460082396169691,
      "support": 4673.0
    },
    "1": {
      "precision": 0.483451536643026,
      "recall": 0.6164280331574982,
      "f1-score": 0.5419012918184829,
      "support": 1327.0
    },
    "accuracy": 0.7695,
    "macro avg": {
      "precision": 0.6826496309027572,
      "recall": 0.7146980739294874,
      "f1-score": 0.6939547657177261,
      "support": 6000.0
    },
    "weighted avg": {
      "precision": 0.793735768134934,
      "recall": 0.7695,
      "f1-score": 0.7787499196622039,
      "support": 6000.0
    }
  },
  "confusion_matrix": [
    [
      3799,
      874
    ],
    [
      509,
      818
    ]
  ]
}