{
  "accuracy": 0.7603333333333333,
  "precision": 0.4669051878354204,
  "recall": 0.5900527505651846,
  "f1": 0.5213049267643143,
  "auc_roc": 0.7724490656533363,
  "threshold": 0.5,
  "classification_report": {
    "0.0": {
      "precision": 0.8741614619477215,
      "recall": 0.8086882088594051,
      "f1-score": 0.8401511783014673,
      "support": 4673.0
    },
    "1.0": {
      "precision": 0.4669051878354204,
      "recall": 0.5900527505651846,
      "f1-score": 0.5213049267643143,
      "support": 1327.0
    },
    "accuracy": 0.7603333333333333,
    "macro avg": {
      "precision": 0.6705333248915709,
      "recall": 0.6993704797122948,
      "f1-score": 0.6807280525328908,
      "support": 6000.0
    },
    "weighted avg": {
      "precision": 0.7840899493232176,
      "recall": 0.7603333333333333,
      "f1-score": 0.7696330156698337,
      "support": 6000.0
    }
  },
  "confusion_matrix": [
    [
      3779,
      894
    ],
    [
      544,
      783
    ]
  ],
  "loss": 0.8828232536315918
}