{
  "accuracy": 0.7635416666666667,
  "precision": 0.4728624535315985,
  "recall": 0.5988700564971752,
  "f1": 0.5284586622351475,
  "auc_roc": 0.7749964985253504,
  "threshold": 0.5,
  "classification_report": {
    "0.0": {
      "precision": 0.8767004341534008,
      "recall": 0.810326377742108,
      "f1-score": 0.8422077019324343,
      "support": 3738.0
    },
    "1.0": {
      "precision": 0.4728624535315985,
      "recall": 0.5988700564971752,
      "f1-score": 0.5284586622351475,
      "support": 1062.0
    },
    "accuracy": 0.7635416666666667,
    "macro avg": {
      "precision": 0.6747814438424997,
      "recall": 0.7045982171196417,
      "f1-score": 0.6853331820837909,
      "support": 4800.0
    },
    "weighted avg": {
      "precision": 0.7873512809408271,
      "recall": 0.7635416666666667,
      "f1-score": 0.7727907268994096,
      "support": 4800.0
    }
  },
  "confusion_matrix": [
    [
      3029,
      709
    ],
    [
      426,
      636
    ]
  ],
  "loss": 0.8873723800977071
}