{
  "accuracy": 0.813,
  "precision": 0.6082365364308342,
  "recall": 0.43406179351921625,
  "f1": 0.5065963060686016,
  "auc_roc": 0.7687528493061925,
  "threshold": 0.5,
  "classification_report": {
    "0": {
      "precision": 0.8513754205422521,
      "recall": 0.9206077466295741,
      "f1-score": 0.8846391116594695,
      "support": 4673.0
    },
    "1": {
      "precision": 0.6082365364308342,
      "recall": 0.43406179351921625,
      "f1-score": 0.5065963060686016,
      "support": 1327.0
    },
    "accuracy": 0.813,
    "macro avg": {
      "precision": 0.7298059784865432,
      "recall": 0.6773347700743952,
      "f1-score": 0.6956177088640356,
      "support": 6000.0
    },
    "weighted avg": {
      "precision": 0.7976012040062769,
      "recall": 0.813,
      "f1-score": 0.8010286444896225,
      "support": 6000.0
    }
  },
  "confusion_matrix": [
    [
      4302,
      371
    ],
    [
      751,
      576
    ]
  ]
}